City_ID,City,Country,Lat,Lng,Max Temp,Humidity,Cloudiness,Wind Speed,Description
0,Yellowknife,CA,62.456,-114.3525,61.32,67,20,3.44,few clouds
1,Khatanga,RU,71.9667,102.5,60.03,86,100,11.74,moderate rain
2,Ushuaia,AR,-54.8,-68.3,35.26,69,0,4.61,clear sky
3,Yumen,CN,40.2833,97.2,90.7,8,4,15.39,clear sky
4,Port Alfred,ZA,-33.5906,26.891,58.17,85,56,5.01,broken clouds
5,Cassilandia,BR,-19.1133,-51.7342,65.26,42,0,1.59,clear sky
6,Kaeo,NZ,-35.1,173.7833,60.33,79,19,9.82,few clouds
7,Rikitea,PF,-23.1203,-134.9692,74.88,70,74,2.91,light rain
8,Cape Town,ZA,-33.9258,18.4232,59.38,82,4,8.99,clear sky
9,Busselton,AU,-33.65,115.3333,60.85,64,97,4.03,overcast clouds
10,Jamestown,US,42.097,-79.2353,62.19,66,85,1.01,overcast clouds
11,Puerto Ayora,EC,-0.7393,-90.3518,69.55,92,99,3.0,overcast clouds
12,Souillac,MU,-20.5167,57.5167,71.98,78,20,5.75,few clouds
13,Hermanus,ZA,-34.4187,19.2345,48.79,85,31,6.26,scattered clouds
14,Atuona,PF,-9.8,-139.0333,77.56,74,12,17.67,few clouds
15,Champerico,GT,14.3,-91.9167,77.61,83,43,4.41,scattered clouds
16,Dikson,RU,73.5069,80.5464,41.47,99,100,20.67,light rain
17,New Norfolk,AU,-42.7826,147.0587,56.7,77,67,4.0,light rain
18,Komsomolskiy,UZ,40.4272,71.7189,93.92,27,3,11.5,clear sky
19,Bredasdorp,ZA,-34.5322,20.0403,48.36,92,13,4.74,few clouds
20,Mataura,NZ,-46.1927,168.8643,47.48,95,100,3.83,overcast clouds
21,Ancud,CL,-41.8697,-73.8203,48.22,93,85,8.66,overcast clouds
22,Constitucion,CL,-35.3333,-72.4167,49.87,91,85,5.57,overcast clouds
23,Georgetown,MY,5.4112,100.3354,89.53,70,40,10.36,scattered clouds
24,Avarua,CK,-21.2078,-159.775,71.65,64,20,11.5,few clouds
25,Karasjok,NO,69.4719,25.5112,61.18,90,100,3.2,overcast clouds
26,Vicuna,CL,-30.0319,-70.7081,44.33,59,12,0.76,few clouds
27,Chapais,CA,49.7834,-74.8492,47.98,96,32,3.94,scattered clouds
28,East London,ZA,-33.0153,27.9116,59.94,63,0,14.97,clear sky
29,General Roca,AR,-39.0333,-67.5833,39.61,91,100,6.98,overcast clouds
30,Cascais,PT,38.6979,-9.4215,66.94,73,0,23.0,clear sky
31,Ruidoso,US,33.3317,-105.673,65.88,72,83,6.91,broken clouds
32,Tuktoyaktuk,CA,69.4541,-133.0374,60.8,55,75,25.32,broken clouds
33,Kavieng,PG,-2.5744,150.7967,84.99,64,66,12.97,broken clouds
34,Husavik,IS,66.0449,-17.3389,53.42,79,100,8.48,overcast clouds
35,Ashland,US,40.8167,-82.2665,68.88,93,57,3.69,broken clouds
36,Airai,TL,-8.9266,125.4092,72.25,45,68,5.28,broken clouds
37,Guider,CM,9.9342,13.9486,74.32,87,93,6.31,overcast clouds
38,Mujiayingzi,CN,42.1167,118.7833,83.46,50,91,10.38,overcast clouds
39,Naze,JP,28.3667,129.4833,77.92,71,24,6.98,moderate rain
40,Necochea,AR,-38.5473,-58.7368,51.78,94,100,1.32,overcast clouds
41,Tarakan,ID,3.3,117.6333,83.05,70,100,4.83,overcast clouds
42,Hobart,AU,-42.8794,147.3294,57.06,69,75,10.36,moderate rain
43,Bluff,NZ,-46.6,168.3333,47.8,90,100,18.21,moderate rain
44,Hofn,IS,64.2539,-15.2082,51.46,85,100,3.69,light rain
45,Provideniya,RU,64.3833,-173.3,48.36,71,0,15.99,clear sky
46,Longyearbyen,SJ,78.2186,15.6401,48.04,76,75,3.44,broken clouds
47,Kapaa,US,22.0752,-159.319,82.38,81,75,18.41,light rain
48,Port Lincoln,AU,-34.7333,135.8667,59.38,57,50,15.05,scattered clouds
49,Kalmunai,LK,7.4167,81.8167,85.71,66,97,6.17,moderate rain
50,Soe,ID,-9.8607,124.284,76.6,49,42,11.86,scattered clouds
51,Betong,TH,5.7743,101.0723,90.36,56,48,0.89,scattered clouds
52,Albany,US,42.6001,-73.9662,61.74,85,3,3.2,clear sky
53,Lagunas,PE,-5.2269,-75.6753,68.77,99,98,2.3,overcast clouds
54,Rock Sound,BS,24.9,-76.2,82.81,78,100,14.76,overcast clouds
55,Yerkoy,TR,39.6381,34.4672,71.71,49,0,1.16,clear sky
56,Grand Gaube,MU,-20.0064,57.6608,74.37,67,4,5.99,clear sky
57,Luau,AO,-10.7073,22.2247,60.76,36,52,6.82,broken clouds
58,Beckley,US,37.7782,-81.1882,71.31,96,75,6.91,light rain
59,Vaini,TO,-21.2,-175.2,74.5,72,80,12.86,broken clouds
60,Coihaique,CL,-45.5752,-72.0662,31.95,86,40,2.3,scattered clouds
61,Kahului,US,20.8947,-156.47,80.62,72,40,18.41,scattered clouds
62,Arlit,NE,18.7369,7.3853,91.31,12,20,9.15,few clouds
63,Sao Joao Da Barra,BR,-21.6403,-41.0511,69.24,83,9,7.09,clear sky
64,Mmabatho,ZA,-25.85,25.6333,53.56,71,75,9.22,light rain
65,Katsuura,JP,35.1333,140.3,82.83,81,35,15.43,scattered clouds
66,Mogadouro,PT,41.3403,-6.7119,57.74,76,1,4.23,clear sky
67,Port Elizabeth,ZA,-33.918,25.5701,59.31,81,0,21.85,clear sky
68,Laguna,US,38.421,-121.4238,77.45,61,0,5.75,clear sky
69,Tasiilaq,GL,65.6145,-37.6368,42.96,96,100,2.01,overcast clouds
70,Lakatoro,VU,-16.0999,167.4164,80.65,78,12,8.08,few clouds
71,Tarko-Sale,RU,64.9225,77.785,63.99,50,84,12.21,broken clouds
72,Nikolskoye,RU,59.7035,30.7861,70.79,83,100,5.19,overcast clouds
73,Merritt Island,US,28.5392,-80.672,79.0,89,0,3.44,clear sky
74,Butaritari,KI,3.0707,172.7902,82.2,76,21,18.88,few clouds
75,Barra,BR,-11.0894,-43.1417,68.83,65,97,6.82,overcast clouds
76,Vila Franca Do Campo,PT,37.7167,-25.4333,72.19,94,25,3.96,scattered clouds
77,Nushki,PK,29.5542,66.0215,88.81,48,24,3.56,few clouds
78,Punta Arenas,CL,-53.15,-70.9167,32.11,86,0,13.8,clear sky
79,Barrow,US,71.2906,-156.7887,35.62,93,100,13.8,moderate rain
80,Cameron Park,US,38.6688,-120.9872,82.45,40,16,1.01,few clouds
81,Hamilton,US,39.1834,-84.5333,72.45,95,40,4.61,fog
82,Haines Junction,CA,60.7522,-137.5108,62.55,42,60,9.22,broken clouds
83,Chuy,UY,-33.6971,-53.4616,57.94,96,35,1.81,scattered clouds
84,Taoudenni,ML,22.6783,-3.9836,91.92,10,0,10.96,clear sky
85,Swan Hill,AU,-35.3378,143.5544,59.18,49,92,11.5,overcast clouds
86,Lebu,CL,-37.6167,-73.65,49.1,88,46,10.63,scattered clouds
87,Yar-Sale,RU,66.8333,70.8333,60.3,55,89,8.81,overcast clouds
88,Bogashevo,RU,56.3683,85.1447,76.98,60,0,2.24,clear sky
89,The Pas,CA,53.8251,-101.2541,59.02,88,100,13.8,overcast clouds
90,Moron,AR,-34.6534,-58.6198,64.98,99,100,12.66,thunderstorm with light rain
91,Maltahohe,NA,-24.8333,16.9833,45.5,23,0,5.57,clear sky
92,Paratinga,BR,-12.6906,-43.1842,68.02,57,44,6.85,scattered clouds
93,Cumberland,US,35.0502,-78.8664,83.48,84,0,10.36,clear sky
94,Alofi,NU,-19.0595,-169.9187,73.29,73,28,6.91,scattered clouds
95,Lubao,PH,14.9167,120.55,87.87,63,88,8.79,overcast clouds
96,Salalah,OM,17.0151,54.0924,75.29,100,100,6.91,light intensity drizzle
97,Karratha,AU,-20.7377,116.8463,82.36,28,0,16.62,clear sky
98,Saint George,US,37.1041,-113.5841,79.39,65,40,3.44,scattered clouds
99,Carnarvon,AU,-24.8667,113.6333,73.27,34,81,5.46,broken clouds
100,Tecoanapa,MX,16.5167,-98.75,77.2,89,97,4.45,overcast clouds
101,Moreira Sales,BR,-24.0622,-53.0069,63.73,62,2,6.55,clear sky
102,Lompoc,US,34.6391,-120.4579,59.14,85,40,5.01,scattered clouds
103,Hilo,US,19.7297,-155.09,81.28,83,100,1.01,overcast clouds
104,Bengkulu,ID,-3.8004,102.2655,84.36,64,53,5.86,broken clouds
105,Belyy Yar,RU,53.6039,91.3903,66.85,72,0,2.24,clear sky
106,Lakki Marwat,PK,32.6079,70.9114,96.37,45,75,8.46,broken clouds
107,Ponta Do Sol,PT,32.6667,-17.1,71.13,74,0,4.74,clear sky
108,Ribeira Grande,PT,38.5167,-28.7,73.65,83,32,10.07,scattered clouds
109,Churachandpur,IN,24.3333,93.6667,83.91,54,88,2.37,overcast clouds
110,Hokitika,NZ,-42.7167,170.9667,52.41,85,100,4.88,overcast clouds
111,Castro,BR,-24.7911,-50.0119,52.2,91,2,3.44,clear sky
112,Yarim,YE,14.298,44.3779,65.75,46,93,3.27,overcast clouds
113,Qingyuan,CN,23.7,113.0333,98.58,47,45,4.25,scattered clouds
114,Margate,GB,51.3813,1.3862,61.9,81,100,1.01,overcast clouds
115,San Quintin,MX,30.4833,-115.95,66.92,86,24,8.39,few clouds
116,Faya,SA,18.3851,42.4509,72.12,42,100,7.0,overcast clouds
117,Lorengau,PG,-2.0226,147.2712,85.05,68,25,11.03,scattered clouds
118,Jadu,LY,31.953,12.0261,76.48,30,0,5.17,clear sky
119,Tura,IN,25.5198,90.2201,81.54,80,48,3.56,scattered clouds
120,Kavaratti,IN,10.5669,72.642,81.61,77,93,15.99,overcast clouds
121,Yeniseysk,RU,58.4497,92.1703,59.68,92,100,1.83,light rain
122,Lagoa,PT,39.05,-27.9833,72.36,87,29,14.52,scattered clouds
123,Severo-Kurilsk,RU,50.6789,156.125,54.77,82,96,5.08,overcast clouds
124,Solec Kujawski,PL,53.0837,18.2257,59.67,37,40,5.75,scattered clouds
125,Manokwari,ID,-0.8667,134.0833,83.8,69,81,9.82,broken clouds
126,Adrar,MR,20.5022,-10.0711,92.26,30,32,15.39,scattered clouds
127,Bilibino,RU,68.0546,166.4372,50.79,46,56,13.53,broken clouds
128,Roma,US,43.2128,-75.4557,61.66,93,0,0.0,clear sky
129,Poso,ID,-1.3959,120.7524,82.11,85,93,3.78,overcast clouds
130,Tiksi,RU,71.6872,128.8694,55.35,72,83,4.38,broken clouds
131,Rio Grande,BR,-32.035,-52.0986,59.95,97,26,10.18,scattered clouds
132,Chokurdakh,RU,70.6333,147.9167,62.11,29,44,11.95,scattered clouds
133,Wukari,NG,7.85,9.7833,71.11,96,100,6.55,light rain
134,Shiraz,IR,29.6036,52.5388,87.24,18,40,6.91,scattered clouds
135,Saint-Philippe,RE,-21.3585,55.7679,75.22,82,60,11.63,broken clouds
136,Praia,CV,14.9215,-23.5087,79.34,83,40,4.61,scattered clouds
137,Saldanha,ZA,-33.0117,17.9442,44.65,89,0,6.6,clear sky
138,Bismarck,US,46.8083,-100.7837,66.04,75,20,4.61,few clouds
139,Thompson,CA,55.7435,-97.8558,53.76,94,75,8.05,broken clouds
140,Atar,MR,20.5169,-13.0499,88.72,44,94,10.94,overcast clouds
141,Sur,OM,22.5667,59.5289,86.11,65,63,17.16,broken clouds
142,Maarianhamina,AX,60.0973,19.9348,58.86,88,100,9.22,overcast clouds
143,Grindavik,IS,63.8424,-22.4338,55.35,100,100,19.57,moderate rain
144,Lasa,IT,46.6166,10.7002,65.28,85,100,0.83,overcast clouds
145,Solnechnyy,RU,50.7214,136.6319,72.12,68,94,2.57,overcast clouds
146,Fairbanks,US,64.8378,-147.7164,59.34,54,40,16.11,scattered clouds
147,Shellbrook,CA,53.2168,-106.4011,52.83,76,14,5.32,few clouds
148,Dunedin,NZ,-45.8742,170.5036,45.59,95,100,7.34,overcast clouds
149,Mar Del Plata,AR,-38.0023,-57.5575,53.1,98,100,6.91,fog
150,Kaitangata,NZ,-46.2817,169.8464,45.46,96,100,9.78,moderate rain
151,Banda Aceh,ID,5.5577,95.3222,84.7,69,100,3.58,overcast clouds
152,Imeni Poliny Osipenko,RU,52.4201,136.4853,74.71,59,26,0.92,scattered clouds
153,Olafsvik,IS,64.8945,-23.7142,52.79,97,100,16.49,light rain
154,Torbay,CA,47.6666,-52.7314,66.97,92,100,11.5,overcast clouds
155,Geraldton,AU,-28.7667,114.6,72.01,49,0,13.8,clear sky
156,Tuatapere,NZ,-46.1333,167.6833,45.32,96,100,2.95,light rain
157,Rocha,UY,-34.4833,-54.3333,60.64,97,74,5.61,broken clouds
158,Berbera,SO,10.4396,45.0143,92.43,35,8,30.2,clear sky
159,Zhigansk,RU,66.7697,123.3711,78.66,45,18,2.98,few clouds
160,Norman Wells,CA,65.282,-126.8329,57.24,94,20,2.3,few clouds
161,Cidreira,BR,-30.1811,-50.2056,60.35,94,15,12.1,few clouds
162,Lavrentiya,RU,65.5833,-171.0,44.38,73,58,7.87,broken clouds
163,Te Anau,NZ,-45.4167,167.7167,42.87,96,100,2.17,light rain
164,Saint-Pierre,RE,-21.3393,55.4781,75.29,57,20,3.44,few clouds
165,Mahebourg,MU,-20.4081,57.7,74.25,78,20,5.75,few clouds
166,Cubuk,TR,40.2386,33.0322,71.76,64,0,5.75,clear sky
167,La Sarre,CA,48.8002,-79.1996,58.15,78,97,4.99,overcast clouds
168,Porto Novo,BJ,6.4965,2.6036,78.62,89,100,9.15,overcast clouds
169,Cockburn Town,TC,21.4612,-71.1419,81.1,81,0,18.52,clear sky
170,Awjilah,LY,29.1081,21.2869,84.13,35,5,8.23,clear sky
171,Cayenne,GF,4.9333,-52.3333,76.08,1,20,0.0,few clouds
172,Touros,BR,-5.1989,-35.4608,71.91,90,4,10.6,clear sky
173,Hasaki,JP,35.7333,140.8333,95.29,81,67,20.36,broken clouds
174,Bandarbeyla,SO,9.4942,50.8122,85.01,51,14,29.64,few clouds
175,Catamarca,AR,-28.4696,-65.7852,68.58,71,97,4.0,overcast clouds
176,Iqaluit,CA,63.7506,-68.5145,44.33,76,20,3.44,few clouds
177,Erzin,TR,36.9559,36.2,85.17,46,0,4.59,clear sky
178,Cabo San Lucas,MX,22.8909,-109.9124,85.6,66,28,12.5,scattered clouds
179,Beringovskiy,RU,63.05,179.3167,47.53,95,100,3.11,light rain
180,Waitati,NZ,-45.75,170.5667,45.46,97,100,4.65,overcast clouds
181,Sioux Lookout,CA,50.1001,-91.917,60.87,77,100,4.61,overcast clouds
182,Pisco,PE,-13.7,-76.2167,60.85,88,100,3.44,mist
183,Stornoway,GB,58.2093,-6.3865,51.93,92,75,1.14,broken clouds
184,Pacifica,US,37.6138,-122.4869,62.71,93,20,9.22,mist
185,Estanzuela,GT,15.0,-89.5667,72.77,97,67,1.77,broken clouds
186,Poum,NC,-20.2333,164.0167,74.64,71,0,3.78,clear sky
187,Luderitz,NA,-26.6481,15.1594,54.25,64,0,7.14,clear sky
188,Boma,GH,7.0805,-2.1697,70.36,98,99,3.58,overcast clouds
189,Nanortalik,GL,60.1432,-45.2371,42.35,95,67,3.11,broken clouds
190,Westport,US,41.1415,-73.3579,70.74,81,0,0.0,clear sky
191,Saskylakh,RU,71.9167,114.0833,84.04,39,26,12.21,scattered clouds
192,Victoria,HK,22.2855,114.1577,94.24,60,20,7.0,few clouds
193,Camacha,PT,33.0833,-16.3333,67.42,78,40,12.66,scattered clouds
194,Hithadhoo,MV,-0.6,73.0833,77.32,84,100,8.5,heavy intensity rain
195,Tefe,BR,-3.3542,-64.7114,72.32,92,11,2.08,few clouds
196,Cozumel,MX,20.5083,-86.9458,81.61,81,12,9.95,few clouds
197,Vandoeuvre-Les-Nancy,FR,48.65,6.1833,62.28,75,75,3.44,broken clouds
198,Axim,GH,4.8699,-2.2405,75.31,87,94,10.74,light rain
199,Ilulissat,GL,69.2167,-51.1,42.82,93,100,5.75,light intensity shower rain
200,Dingle,PH,10.9995,122.6711,86.41,74,90,12.73,overcast clouds
201,Codrington,AU,-38.2667,141.9667,56.32,77,100,14.16,overcast clouds
202,Talnakh,RU,69.4865,88.3972,69.21,37,25,4.09,scattered clouds
203,Najran,SA,17.4924,44.1277,84.85,24,81,14.88,broken clouds
204,Pevek,RU,69.7008,170.3133,36.19,82,100,10.45,overcast clouds
205,Pangnirtung,CA,66.1451,-65.7125,44.29,86,55,3.02,broken clouds
206,Freetown,SL,8.484,-13.2299,76.71,94,75,5.75,light rain
207,Sitka,US,57.0531,-135.33,60.69,77,75,14.97,broken clouds
208,Haileybury,CA,47.449,-79.6373,61.38,69,100,7.36,overcast clouds
209,Port Blair,IN,11.6667,92.75,87.84,70,40,6.91,scattered clouds
210,Damghan,IR,36.1683,54.348,88.63,28,59,6.08,broken clouds
211,Kondinskoye,RU,59.6481,67.41,68.49,42,66,9.86,broken clouds
212,Narsaq,GL,60.9167,-46.05,50.22,88,32,2.53,scattered clouds
213,Zyryanka,RU,65.75,150.85,63.55,36,43,12.26,scattered clouds
214,Port Macquarie,AU,-31.4333,152.9167,63.9,42,0,17.27,clear sky
215,Yuli,NG,9.6989,10.2744,72.95,95,100,7.02,overcast clouds
216,Markova,UA,48.6758,24.4138,58.73,94,100,3.85,overcast clouds
217,Agadez,NE,19.75,10.25,82.08,22,27,11.45,scattered clouds
218,Raudeberg,NO,61.9875,5.1352,48.96,78,81,12.15,broken clouds
219,Nargana,PA,9.4428,-78.5906,78.33,86,92,5.06,overcast clouds
220,Terrace,CA,54.5163,-128.6035,80.51,44,20,5.75,few clouds
221,Arraial Do Cabo,BR,-22.9661,-42.0278,69.57,85,0,15.23,clear sky
222,Nicoya,CR,10.1483,-85.452,73.33,95,100,1.97,overcast clouds
223,Vila Velha,BR,-20.3297,-40.2925,66.94,96,20,2.3,few clouds
224,Ayan,RU,56.45,138.1667,60.78,81,72,14.0,broken clouds
225,Miles City,US,46.4083,-105.8406,72.57,43,100,3.44,overcast clouds
226,Antofagasta,CL,-23.65,-70.4,56.48,80,78,4.61,broken clouds
227,Sola,VU,-13.8833,167.55,80.87,75,48,13.04,light rain
228,Cedar Lake,US,41.3648,-87.4411,70.02,91,98,3.62,overcast clouds
229,Sao Filipe,CV,14.8961,-24.4956,77.04,84,62,2.39,broken clouds
230,Sochi,RU,43.6,39.7303,69.89,80,2,6.51,clear sky
231,Deputatskiy,RU,69.3,139.9,63.36,43,72,13.15,broken clouds
232,Kloulklubed,PW,7.0419,134.2556,79.3,71,57,6.4,broken clouds
233,Paita,PE,-5.0892,-81.1144,63.39,85,100,12.64,overcast clouds
234,Vung Tau,VN,10.346,107.0843,81.77,76,99,8.3,overcast clouds
235,Yalta,UA,44.5,34.1667,77.74,52,0,1.57,clear sky
236,Yurimaguas,PE,-5.9,-76.0833,68.54,99,91,1.21,overcast clouds
237,Cap Malheureux,MU,-19.9842,57.6142,74.46,66,4,8.99,clear sky
238,Faanui,PF,-16.4833,-151.75,78.3,73,23,7.94,light rain
239,Takoradi,GH,4.8845,-1.7554,74.7,89,92,9.6,light rain
240,Kindberg,AT,47.5,15.45,64.15,78,100,0.76,overcast clouds
241,Lugazi,UG,0.3772,32.9197,75.61,55,96,2.95,overcast clouds
242,Kodiak,US,57.79,-152.4072,51.31,76,0,3.44,clear sky
243,Sangar,RU,63.9242,127.4739,82.42,45,25,3.22,scattered clouds
244,Pitimbu,BR,-7.4706,-34.8086,72.19,83,38,10.13,scattered clouds
245,Vilyuysk,RU,63.7553,121.6247,89.22,42,6,8.88,clear sky
246,Bambanglipuro,ID,-7.95,110.2833,82.83,69,93,13.44,overcast clouds
247,Paamiut,GL,61.994,-49.6678,42.26,90,59,11.16,broken clouds
248,Portland,US,45.5234,-122.6762,85.98,58,0,6.91,clear sky
249,Harper,LR,4.375,-7.7169,74.79,84,99,9.08,light rain
250,Mount Gambier,AU,-37.8333,140.7667,56.3,74,90,12.1,overcast clouds
251,Torquay,GB,50.4638,-3.5143,53.58,89,81,1.99,broken clouds
252,Rundu,NA,-17.9333,19.7667,54.5,45,45,6.76,scattered clouds
253,Meadow Lake,US,34.8014,-106.5436,75.13,56,79,3.24,broken clouds
254,Mangrol,IN,21.1167,70.1167,84.74,71,96,9.91,overcast clouds
255,Scottsbluff,US,41.8666,-103.6672,67.32,66,0,6.91,clear sky
256,Broken Hill,AU,-31.95,141.4333,58.42,37,68,9.22,broken clouds
257,Mahajanga,MG,-15.7167,46.3167,73.42,60,0,6.91,clear sky
258,San Cristobal,VE,7.7669,-72.225,69.98,96,98,2.24,overcast clouds
259,Baykalsk,RU,51.5058,104.1469,63.09,57,100,2.66,overcast clouds
260,Ajdabiya,LY,30.7554,20.2263,80.74,64,0,7.11,clear sky
261,Abbeville,FR,50.1,1.8333,58.5,69,93,7.43,overcast clouds
262,Havre-Saint-Pierre,CA,50.2334,-63.5986,53.96,94,100,4.61,overcast clouds
263,Yulara,AU,-25.2406,130.9889,65.79,18,0,10.89,clear sky
264,Jatai,BR,-17.8814,-51.7144,63.55,42,0,4.23,clear sky
265,Fortuna,US,40.5982,-124.1573,57.34,89,32,0.47,scattered clouds
266,Leningradskiy,RU,69.3833,178.4167,35.94,93,100,3.83,overcast clouds
267,Tazmalt,DZ,36.3868,4.3989,81.99,36,3,3.76,clear sky
268,Usinsk,RU,65.9939,57.5281,66.79,49,24,7.85,few clouds
269,Ostrovnoy,RU,68.0531,39.5131,66.34,74,98,20.15,overcast clouds
270,Salvador,SV,13.8333,-88.9167,72.0,98,78,0.81,light rain
271,Tuy Hoa,VN,13.0833,109.3,90.1,58,85,9.75,overcast clouds
272,Mehamn,NO,71.0357,27.8492,55.31,100,100,5.75,light rain
273,Mormugao,IN,15.4,73.8,79.86,89,75,5.75,broken clouds
274,Nioro,GM,13.35,-15.75,75.52,94,95,6.76,overcast clouds
275,Caravelas,BR,-17.7125,-39.2481,69.53,80,4,6.6,clear sky
276,Guerrero Negro,MX,27.9769,-114.0611,68.76,82,4,8.46,clear sky
277,La Ronge,CA,55.1001,-105.2842,59.25,72,75,4.61,broken clouds
278,Nshamba,TZ,-1.7983,31.5511,70.23,47,82,10.76,broken clouds
279,Qaanaaq,GL,77.484,-69.3632,38.23,69,63,1.01,broken clouds
280,Saint-Joseph,RE,-21.3667,55.6167,74.21,77,26,8.5,scattered clouds
281,Esperance,AU,-33.8667,121.9,60.69,70,99,7.47,overcast clouds
282,Sarkand,KZ,45.41,79.9186,93.38,11,1,9.08,clear sky
283,Gamut,PH,8.5303,126.2422,88.0,62,87,5.97,overcast clouds
284,Tomatlan,MX,19.9333,-105.25,75.97,85,100,3.76,overcast clouds
285,Tiznit,MA,29.5833,-9.5,79.18,34,0,1.43,clear sky
286,Lashio,MM,22.9333,97.75,83.77,59,100,3.65,overcast clouds
287,Bambous Virieux,MU,-20.3428,57.7575,74.21,78,20,5.75,few clouds
288,Campos Altos,BR,-19.6961,-46.1714,53.56,69,0,1.23,clear sky
289,Cholet,FR,47.1667,-1.0,58.24,68,12,6.08,few clouds
290,Konstantinovka,RU,49.6167,127.9833,87.28,51,80,3.53,moderate rain
291,Muravlenko,RU,63.7898,74.523,60.46,59,11,14.99,few clouds
292,Coquimbo,CL,-29.9533,-71.3436,51.53,100,0,6.91,clear sky
293,Cherskiy,RU,68.75,161.3,52.14,49,22,12.93,few clouds
294,Naliya,IN,23.2667,68.8333,86.63,65,56,14.25,broken clouds
295,Curaca,BR,-8.9903,-39.9094,70.03,77,100,15.35,overcast clouds
296,Deer Lake,CA,49.1667,-57.4316,51.66,100,0,0.0,clear sky
297,Sladkovo,RU,55.5284,70.3385,72.77,74,100,11.39,overcast clouds
298,Glendive,US,47.1053,-104.7125,65.48,65,75,5.75,broken clouds
299,Sandwich,US,41.6459,-88.6217,69.37,94,0,0.0,clear sky
300,Socorro,US,31.6546,-106.3033,85.19,43,75,6.91,broken clouds
301,Vancouver,CA,49.2497,-123.1193,81.55,68,20,4.61,few clouds
302,Bethel,US,41.3712,-73.414,66.49,85,0,3.44,clear sky
303,Odienne,CI,9.51,-7.5692,69.03,98,100,3.06,overcast clouds
304,Whitehorse,CA,60.7161,-135.0538,70.57,26,75,3.44,broken clouds
305,Saint Anthony,US,45.0205,-93.218,67.14,91,0,9.22,clear sky
306,Sobolevo,RU,54.4299,31.8996,68.76,78,50,4.68,scattered clouds
307,Hays,US,30.0502,-98.0336,84.15,66,33,5.01,scattered clouds
308,Hastings,GB,50.8552,0.5729,62.78,99,99,8.93,overcast clouds
309,Marawi,PH,7.9986,124.2928,78.12,83,58,1.32,broken clouds
310,Sinop,TR,41.7711,34.8709,63.03,42,0,1.79,light rain
311,Dawlatabad,AF,36.4141,64.9053,98.47,18,0,7.94,clear sky
312,Puertollano,ES,38.6871,-4.1073,73.08,44,0,2.89,clear sky
313,Umirim,BR,-3.6772,-39.3503,70.11,90,89,2.42,overcast clouds
314,Gamba,GA,-2.65,10.0,68.59,92,46,4.52,scattered clouds
315,Huarmey,PE,-10.0681,-78.1522,62.04,87,73,9.75,broken clouds
316,Makakilo City,US,21.3469,-158.0858,79.12,64,100,18.41,overcast clouds
317,Tevriz,RU,57.509,72.4042,75.92,64,97,5.95,overcast clouds
318,Dzaoudzi,YT,-12.7887,45.2699,78.69,73,75,11.5,broken clouds
319,Ahipara,NZ,-35.1667,173.1667,57.25,88,33,9.55,scattered clouds
320,Chadiza,ZM,-14.0678,32.4392,56.82,81,95,6.53,overcast clouds
321,Beaupre,CA,47.0443,-70.8953,67.89,100,44,2.3,scattered clouds
322,Verkhoyansk,RU,67.5447,133.385,82.04,40,94,5.12,overcast clouds
323,Monterey,US,36.2505,-121.2516,69.17,1,0,4.65,clear sky
324,Vaxjo,SE,56.8777,14.8091,53.65,94,100,6.91,overcast clouds
325,Singen,DE,47.7594,8.8403,66.58,68,25,1.95,scattered clouds
326,Fremont,US,37.5483,-121.9886,65.98,82,20,11.5,few clouds
327,Tual,ID,-5.6667,132.75,79.57,78,60,18.52,broken clouds
328,Vredendal,ZA,-31.6683,18.5012,56.66,73,98,1.92,overcast clouds
329,San Patricio,US,28.017,-97.5169,84.88,79,78,12.48,broken clouds
330,Clyde River,CA,70.4692,-68.5914,39.43,100,100,3.44,light rain
331,Dezhou,CN,37.4486,116.2925,91.6,46,4,6.08,clear sky
332,Pangody,RU,65.85,74.4859,57.22,66,90,7.96,overcast clouds
333,Illapel,CL,-31.6308,-71.1653,50.77,87,41,0.65,scattered clouds
334,Velke Karlovice,CZ,49.3606,18.2836,57.24,68,55,2.42,broken clouds
335,North Bend,US,43.4065,-124.2243,58.91,95,0,4.61,clear sky
336,Syamzha,RU,60.0158,41.0614,72.91,69,20,7.38,few clouds
337,Aksha,RU,50.2814,113.2867,55.98,96,100,10.4,light rain
338,Cururupu,BR,-1.8283,-44.8683,73.15,92,62,3.49,broken clouds
339,Gizo,SB,-8.103,156.8419,83.43,70,84,2.42,light rain
340,Malatya,TR,38.5,38.0,73.45,27,0,6.91,clear sky
341,Atyrau,KZ,47.1167,51.8833,82.42,57,0,4.47,clear sky
342,Aleksandrov Gay,RU,50.147,48.5704,81.43,43,51,5.68,broken clouds
343,Nyurba,RU,63.2842,118.3319,91.27,41,6,8.19,clear sky
344,Hami,CN,42.8,93.45,97.88,8,0,10.6,clear sky
345,Buchanan,LR,5.8808,-10.0467,74.73,87,97,7.38,light rain
346,Viseu,PT,40.661,-7.9097,55.09,75,0,2.17,clear sky
347,Port-Gentil,GA,-0.7193,8.7815,73.36,88,75,5.75,broken clouds
348,Rochester,US,43.1548,-77.6156,64.62,89,20,0.0,few clouds
349,Garachine,PA,8.0647,-78.3628,77.36,85,94,1.83,overcast clouds
350,Jojoima,SL,7.8792,-10.7878,70.68,98,100,2.66,overcast clouds
351,Port Hedland,AU,-20.3167,118.5667,89.65,15,1,17.27,clear sky
352,Verkhnyaya Inta,RU,65.9811,60.3094,64.45,53,38,10.31,scattered clouds
353,Labuhan,ID,-6.8844,112.2051,87.69,53,15,6.42,few clouds
354,San Ramon,US,37.7799,-121.978,64.42,81,0,12.66,clear sky
355,Daru,PG,-9.0763,143.2092,77.07,85,89,15.05,overcast clouds
356,Hagere Hiywet,ET,8.9833,37.85,57.22,96,100,1.16,moderate rain
357,Qui Nhon,VN,13.7667,109.2333,87.04,64,50,11.79,scattered clouds
358,Muros,ES,42.7762,-9.0603,61.09,85,1,9.37,clear sky
359,Anadyr,RU,64.75,177.4833,46.9,87,75,11.18,light intensity drizzle rain
360,Macas,EC,-2.3167,-78.1167,65.37,98,100,2.98,light rain
361,Oyama,JP,36.3,139.8,94.59,50,99,3.8,overcast clouds
362,Gallipoli,TR,40.4103,26.6708,67.86,46,0,10.56,clear sky
363,Nianzishan,CN,47.5167,122.8833,86.0,58,100,10.22,overcast clouds
364,Chumphon,TH,10.3333,98.8333,82.29,74,82,3.91,broken clouds
365,Inhambane,MZ,-23.865,35.3833,55.38,82,20,3.44,few clouds
366,San Nicolas,PH,18.1725,120.5953,89.51,66,75,8.05,broken clouds
367,Ballina,AU,-28.8667,153.5667,67.01,40,0,2.57,clear sky
368,Kodinsk,RU,58.6881,99.1844,63.39,79,100,9.51,overcast clouds
369,Gucheng,CN,35.9115,111.3192,75.87,84,100,4.12,overcast clouds
370,Hambantota,LK,6.1241,81.1185,86.34,79,20,3.44,few clouds
371,Menongue,AO,-14.6585,17.691,52.75,46,1,6.6,clear sky
372,Kushiro,JP,42.975,144.3747,77.95,83,75,10.36,fog
373,Foz,ES,43.5692,-7.2544,62.38,90,99,4.83,overcast clouds
374,Sechura,PE,-5.5569,-80.8222,63.18,83,100,12.21,overcast clouds
375,Moranbah,AU,-22.0016,148.0466,68.97,32,0,13.4,clear sky
376,Balabac,PH,7.9868,117.0645,85.32,69,61,7.63,broken clouds
377,Bilma,NE,18.6853,12.9164,88.95,12,44,3.69,scattered clouds
378,Morehead,US,37.2711,-87.1764,75.78,92,0,3.44,clear sky
379,Langarud,IR,37.197,50.1535,77.05,84,100,2.95,overcast clouds
380,Khandyga,RU,62.6667,135.6,83.41,42,54,4.7,broken clouds
381,Camopi,GF,3.1655,-52.3158,71.31,99,99,1.21,overcast clouds
382,Kargasok,RU,59.0556,80.8572,77.95,67,37,5.32,light rain
383,Lac Du Bonnet,CA,50.2536,-96.0612,53.02,97,76,5.73,broken clouds
384,Orchard Homes,US,46.8633,-114.0484,77.14,52,20,5.75,few clouds
385,Vestmannaeyjar,IS,63.4427,-20.2734,53.47,98,100,19.22,overcast clouds
386,Mildura,AU,-34.2,142.15,58.06,60,100,13.62,overcast clouds
387,Nizhniy Odes,RU,63.6445,54.856,69.33,38,79,3.22,broken clouds
388,Melito Di Porto Salvo,IT,37.9222,15.7714,83.73,65,0,9.22,clear sky
389,Kiama,AU,-34.6833,150.8667,64.45,61,7,11.86,clear sky
390,Kargil,IN,34.5667,76.1,69.4,42,37,1.77,scattered clouds
391,Karymskoye,RU,51.6167,114.35,60.78,93,99,9.22,overcast clouds
392,Saraland,US,30.8207,-88.0706,80.24,88,23,3.65,few clouds
393,Fort Nelson,CA,58.8053,-122.7002,67.59,77,75,3.44,broken clouds
394,Bayir,TR,37.2687,28.2167,73.92,24,0,3.62,clear sky
395,Shache,CN,38.4167,77.2406,103.06,10,22,4.16,few clouds
396,Asau,RO,46.4333,26.4,70.29,50,47,1.68,scattered clouds
397,Bernau,DE,52.6798,13.5871,59.7,63,49,7.96,scattered clouds
398,Tromso,NO,69.6496,18.957,52.38,93,75,13.8,light intensity shower rain
399,Mangan,IN,27.5167,88.5333,79.57,86,100,2.68,overcast clouds
400,Berlevag,NO,70.8578,29.0864,62.4,100,100,0.0,overcast clouds
401,Whangarei,NZ,-35.7317,174.3239,53.28,89,3,3.76,clear sky
402,Dauriya,RU,49.9333,116.8667,81.14,35,14,20.11,few clouds
403,Tessalit,ML,20.1986,1.0114,91.11,17,5,13.06,clear sky
404,Kokopo,PG,-4.352,152.2633,85.19,57,16,7.54,few clouds
405,Noumea,NC,-22.2763,166.4572,76.98,67,0,4.27,clear sky
406,Shubarshi,KZ,48.5872,57.1869,82.36,33,6,15.01,clear sky
407,Worland,US,44.0169,-107.9554,72.88,48,0,4.61,clear sky
408,Ankang,CN,32.68,109.0172,85.59,64,100,3.44,overcast clouds
409,Walvis Bay,NA,-22.9575,14.5053,52.99,74,13,5.95,few clouds
410,Upata,VE,8.0086,-62.3989,75.2,96,23,3.31,few clouds
411,Leshukonskoye,RU,64.8989,45.7622,72.86,49,35,8.3,scattered clouds
412,Rorvik,NO,64.8621,11.2373,51.91,76,75,12.66,broken clouds
413,Pinotepa Nacional,MX,16.3167,-98.0167,73.49,94,100,3.27,overcast clouds
414,Yaan,NG,7.3833,8.5667,71.69,97,100,5.14,overcast clouds
415,Chopovychi,UA,50.8332,28.9533,70.25,55,100,5.46,overcast clouds
416,Okhotsk,RU,59.3833,143.3,64.49,76,27,8.41,scattered clouds
417,Maningrida,AU,-12.0667,134.2667,83.46,48,10,12.71,clear sky
418,Dwarka,IN,22.2394,68.9678,85.08,72,87,13.24,overcast clouds
419,Penzance,GB,50.1186,-5.5371,50.68,72,100,5.35,overcast clouds
420,Kijang,KR,35.2442,129.2139,85.73,78,58,11.74,broken clouds
421,Pucallpa,PE,-8.3791,-74.5539,71.98,94,39,1.66,scattered clouds
422,Nouadhibou,MR,20.931,-17.0347,76.98,83,5,6.91,clear sky
423,Hervey Bay,AU,-25.2986,152.8535,64.06,46,0,16.84,clear sky
424,Baruun-Urt,MN,46.6806,113.2792,78.93,28,2,18.75,clear sky
425,Linqiong,CN,30.4159,103.4609,78.62,71,11,8.86,light rain
426,Mingoyo,TZ,-10.1,39.6333,76.55,62,18,9.46,few clouds
427,Agua Buena,PA,7.8167,-80.4,78.76,99,72,1.74,broken clouds
428,Imari,JP,33.2667,129.8833,92.95,56,1,6.89,clear sky
429,Port Hawkesbury,CA,45.6169,-61.3485,63.88,95,40,3.44,scattered clouds
430,Klaksvik,FO,62.2266,-6.589,52.72,95,100,11.01,light rain
431,Jibuti,DJ,11.5,42.5,85.05,46,77,16.87,broken clouds
432,Mandera,KE,3.9366,41.867,78.71,53,28,18.79,scattered clouds
433,Shakhunya,RU,57.6758,46.6114,70.41,53,43,6.71,scattered clouds
434,Inirida,CO,3.8653,-67.9239,72.7,98,100,1.01,overcast clouds
435,Hayden,US,47.766,-116.7866,77.56,62,0,5.75,clear sky
436,Gat,IL,31.61,34.7642,87.4,30,0,1.88,clear sky
437,Upernavik,GL,72.7868,-56.1549,38.12,84,95,5.66,overcast clouds
438,Prince Rupert,CA,54.3161,-130.3201,65.89,94,0,9.22,clear sky
439,Pokaran,IN,26.9167,71.9167,83.25,74,96,12.46,very heavy rain
440,Bay Roberts,CA,47.5999,-53.2648,67.75,95,99,5.99,overcast clouds
441,Mareeba,AU,-17.0,145.4333,77.43,50,1,7.85,clear sky
442,Saryg-Sep,RU,51.5,95.6,68.94,37,81,8.46,light rain
443,Bathsheba,BB,13.2167,-59.5167,81.21,87,20,12.66,few clouds
444,Suleja,NG,9.1758,7.1808,71.01,95,100,2.91,overcast clouds
445,Mana,GF,5.6592,-53.7767,77.09,86,18,4.65,few clouds
446,Ligayan,PH,4.6533,119.4706,83.61,69,100,1.79,light rain
447,Ventspils,LV,57.3894,21.5606,60.73,72,100,13.8,overcast clouds
448,Natal,BR,-5.795,-35.2094,75.42,88,75,8.05,broken clouds
449,Ponta Delgada,PT,37.7333,-25.6667,72.5,88,20,8.05,few clouds
450,Carutapera,BR,-1.195,-46.02,75.4,91,85,5.03,overcast clouds
451,Diamantino,BR,-14.4086,-56.4461,69.04,46,27,4.54,scattered clouds
452,Atkinson,US,42.8384,-71.147,67.51,83,0,4.61,clear sky
453,Hillsborough,US,37.5741,-122.3794,63.19,88,20,9.22,few clouds
454,Waingapu,ID,-9.6567,120.2641,84.27,52,41,17.85,scattered clouds
455,Pochutla,MX,15.7432,-96.4661,75.02,93,82,2.89,broken clouds
456,Kleive,NO,62.7954,7.6359,50.32,87,75,8.05,broken clouds
457,Todos Santos,MX,23.45,-110.2167,77.05,86,22,7.87,few clouds
458,Petropavlovsk-Kamchatskiy,RU,53.0452,158.6483,67.78,72,75,13.42,light intensity shower rain
459,San Felipe,VE,10.3399,-68.7425,71.04,98,60,1.21,broken clouds
460,Tam Ky,VN,15.5667,108.4833,91.89,50,9,11.43,clear sky
461,Cahul,MD,45.9075,28.1944,81.66,43,5,3.27,clear sky
462,Ituango,CO,7.1712,-75.764,60.37,98,67,1.74,broken clouds
463,Pandan,PH,14.0453,124.1694,88.79,62,93,4.92,overcast clouds
464,Kargat,RU,55.1956,80.2811,83.8,40,55,3.91,broken clouds
465,Yashan,CN,22.1975,109.9419,94.73,50,37,5.1,scattered clouds
466,Sorland,NO,67.667,12.6934,51.66,79,100,23.76,overcast clouds
467,Sakaiminato,JP,35.55,133.2333,85.93,79,20,16.11,few clouds
468,Niamey,NE,13.5137,2.1098,79.09,61,0,10.36,clear sky
469,Nishihara,JP,26.1842,127.7558,89.26,72,75,13.8,broken clouds
470,Dakar,SN,14.6937,-17.4441,79.68,82,65,10.4,broken clouds
471,Comodoro Rivadavia,AR,-45.8667,-67.5,31.86,93,0,4.61,clear sky
472,Stawell,AU,-37.05,142.7667,54.1,74,100,11.23,overcast clouds
473,Acajutla,SV,13.5928,-89.8275,77.13,86,68,3.69,light rain
474,Manggar,ID,-2.8833,108.2667,84.04,66,100,10.36,overcast clouds
475,Hobyo,SO,5.3505,48.5268,80.73,66,77,23.17,broken clouds
476,Ahuimanu,US,21.4447,-157.8378,80.31,73,40,18.41,scattered clouds
477,Sibolga,ID,1.7427,98.7792,85.12,62,86,4.88,overcast clouds
478,Kruisfontein,ZA,-34.0033,24.7314,52.88,82,62,14.23,broken clouds
479,Mayo,US,38.8876,-76.5119,74.17,90,100,1.57,overcast clouds
480,Qasigiannguit,GL,68.8193,-51.1922,43.05,98,100,3.27,overcast clouds
481,Xichang,CN,27.8964,102.2634,82.76,54,72,3.15,broken clouds
482,Zemio,CF,5.0314,25.1361,68.5,97,100,2.46,overcast clouds
483,Tautira,PF,-17.7333,-149.15,75.88,80,67,13.4,moderate rain
484,Ugoofaaru,MV,5.6667,73.0,82.11,75,88,15.66,overcast clouds
485,Hovd,MN,48.0056,91.6419,70.3,29,3,11.3,clear sky
486,Galveston,US,29.3669,-94.9669,86.95,82,72,1.99,broken clouds
487,Karwar,IN,14.8,74.1333,82.24,72,76,4.52,broken clouds
488,Goma,CD,-1.6792,29.2228,69.89,58,51,2.04,broken clouds
489,Mahibadhoo,MV,3.7833,72.9667,81.99,76,67,14.9,broken clouds
490,Bangui,CF,4.3612,18.555,71.78,94,93,0.0,overcast clouds
491,Porto Santo,PT,33.072,-16.3415,70.18,78,40,12.66,scattered clouds
492,Windhoek,NA,-22.5594,17.0832,50.2,21,0,6.91,clear sky
493,Durban,ZA,-29.8579,31.0292,57.02,69,2,3.0,clear sky
494,Pochinok,RU,54.4068,32.4407,68.94,79,17,4.23,few clouds
495,Wajima,JP,37.4,136.9,84.88,74,75,4.61,broken clouds
496,Mackay,AU,-21.15,149.2,65.79,58,0,16.91,clear sky
497,Shirokiy,RU,49.758,129.523,86.63,61,53,4.68,broken clouds
498,Rudnogorsk,RU,57.2639,103.7519,69.89,48,85,7.0,overcast clouds
499,San Jose,US,37.3394,-121.895,65.79,79,20,8.05,smoke
500,Meaford,CA,44.6001,-80.583,59.25,71,15,6.67,few clouds
501,Sisimiut,GL,66.9395,-53.6735,40.86,92,88,3.65,overcast clouds
502,Watertown,US,42.3709,-71.1828,68.34,75,0,4.0,clear sky
503,Padang,ID,-0.9492,100.3543,77.05,63,67,5.86,broken clouds
504,Opuwo,NA,-18.0607,13.84,58.1,30,22,4.47,few clouds
505,Sungaipenuh,ID,-2.0833,101.3833,81.16,49,64,5.17,broken clouds
506,Benjamin Constant,BR,-4.3831,-70.0311,73.53,99,6,0.67,clear sky
507,Isangel,VU,-19.55,169.2667,75.74,86,72,10.49,broken clouds
508,Wonthaggi,AU,-38.6044,145.5913,55.81,88,93,11.86,overcast clouds
509,Ambanja,MG,-13.6833,48.45,73.33,57,30,1.48,scattered clouds
510,Merauke,ID,-8.4667,140.3333,80.17,72,75,18.34,broken clouds
511,Launceston,AU,-41.45,147.1667,56.34,72,40,10.36,light rain
512,Shingu,JP,33.7333,135.9833,85.03,75,66,7.23,broken clouds
513,Kovur,IN,14.4833,79.9833,92.23,49,52,7.85,broken clouds
514,Atbasar,KZ,51.8,68.3333,78.87,37,82,8.5,broken clouds
515,Port Hardy,CA,50.6996,-127.4199,62.78,88,20,3.44,few clouds
516,Los Llanos De Aridane,ES,28.6585,-17.9182,73.15,47,0,12.66,clear sky
517,Tiarei,PF,-17.5333,-149.3333,77.0,79,21,12.77,light rain
518,Vao,NC,-22.6667,167.4833,69.33,67,0,5.68,clear sky
519,Nakonde,ZM,-9.3421,32.745,59.95,68,35,9.08,scattered clouds
520,Mazatlan,MX,23.2167,-106.4167,85.01,85,100,3.0,overcast clouds
521,Maniitsoq,GL,65.4167,-52.9,41.07,90,85,10.6,overcast clouds
522,Atmakur,IN,15.8833,78.5833,86.07,63,73,3.67,broken clouds
523,Aksarka,RU,66.5606,67.7975,62.62,51,41,8.84,scattered clouds
524,Soure,BR,-0.7167,-48.5233,78.96,82,74,9.64,broken clouds
525,Kamennomostskiy,RU,44.2983,40.1856,69.91,76,38,0.83,scattered clouds
526,Muisne,EC,0.6,-80.0333,73.13,90,100,9.08,light rain
527,Sterling,US,39.0062,-77.4286,73.22,94,100,0.0,overcast clouds
528,Chiredzi,ZW,-21.05,31.6667,61.34,59,0,1.3,clear sky
529,Gwanda,ZW,-20.9333,29.0,57.45,64,0,3.13,clear sky
530,Tanggu,CN,39.0211,117.6469,85.96,67,35,11.21,scattered clouds
531,Tateyama,JP,34.9833,139.8667,81.7,85,26,16.64,scattered clouds
532,Leh,IN,34.1667,77.5833,67.55,46,100,1.32,overcast clouds
533,Kokoda,PG,-8.8785,147.7407,80.38,85,53,5.14,broken clouds
534,Taksimo,RU,56.3444,114.8794,66.13,95,100,6.04,moderate rain
535,Mangrul Pir,IN,20.3167,77.35,82.26,72,100,9.01,overcast clouds
536,Kenai,US,60.5544,-151.2583,57.29,73,0,6.91,clear sky
537,Srednekolymsk,RU,67.45,153.6833,59.02,34,49,14.34,scattered clouds
538,Bunia,CD,1.5667,30.25,69.75,74,92,3.2,light rain
539,Marzuq,YE,14.4,46.4667,83.39,44,100,10.65,overcast clouds
540,Namibe,AO,-15.1961,12.1522,65.34,63,2,3.71,clear sky
541,Gorontalo,ID,0.5412,123.0595,83.03,81,95,3.06,light rain
542,Samarai,PG,-10.6167,150.6667,79.95,82,53,13.04,broken clouds
543,Santa Maria Del Oro,MX,25.9333,-105.3667,66.34,75,99,1.95,overcast clouds
544,Kanth,IN,29.0667,78.6333,91.49,54,98,8.7,heavy intensity rain
545,Kismayo,SO,-0.3582,42.5454,77.67,65,66,16.42,broken clouds
546,Meiganga,CM,6.5167,14.3,65.66,98,100,4.25,overcast clouds
547,Ambon,ID,-3.6954,128.1814,80.74,78,75,8.05,broken clouds
548,Wanning,CN,18.8003,110.3967,89.28,65,53,7.29,broken clouds
549,Palana,RU,59.1167,159.9667,51.84,81,100,20.11,overcast clouds
550,Ampanihy,MG,-24.7,44.75,66.02,67,0,5.64,clear sky
551,Basco,PH,20.4487,121.9702,85.73,71,49,7.58,scattered clouds
552,Buala,SB,-8.145,159.5921,84.02,70,67,7.56,broken clouds
553,Hermiston,US,45.8404,-119.2895,90.68,37,0,4.61,clear sky
554,Davila,PH,18.4726,120.5763,89.58,72,54,7.56,broken clouds
555,Minas,UY,-34.3759,-55.2377,63.01,94,77,4.34,broken clouds
556,Morant Bay,JM,17.8815,-76.4093,80.22,86,87,10.87,overcast clouds
557,Joshimath,IN,30.5667,79.5667,72.55,96,98,4.29,overcast clouds
558,Dogondoutchi,NE,13.6393,4.0287,80.44,70,77,14.72,broken clouds
559,Zarya,RU,55.7553,38.0958,77.18,64,12,2.19,few clouds
560,Yakeshi,CN,49.2833,120.7333,81.86,52,91,6.53,overcast clouds
561,Sovetskiy,RU,61.3614,63.5842,67.08,42,96,5.12,overcast clouds
562,Saint Stephen,GB,50.3333,-4.9,57.47,77,40,3.44,scattered clouds
563,Sun Valley,US,39.5963,-119.776,84.88,23,75,10.36,smoke
564,Lamar,US,33.6668,-95.5836,86.65,61,0,6.91,clear sky
565,Abu Samrah,SY,35.3029,37.1841,83.91,31,0,6.58,clear sky
566,Senanga,ZM,-16.1167,23.2667,54.3,49,10,5.84,clear sky
567,Kosa,RU,59.9445,54.9977,64.35,48,59,5.37,broken clouds
568,Birjand,IR,32.8663,59.2211,93.67,16,29,0.0,haze
569,Wageningen,NL,51.9667,5.6667,58.86,93,100,2.3,overcast clouds
570,Dalnerechensk,RU,45.9339,133.7225,83.57,63,4,2.95,clear sky
571,Greencastle,US,39.6445,-86.8647,71.46,93,75,3.44,broken clouds
572,Celestun,MX,20.8667,-90.4,76.19,86,58,11.48,broken clouds
573,Santona,ES,43.4439,-3.4576,63.59,70,88,2.24,overcast clouds
574,Wawa,NG,9.9022,4.4192,73.29,92,97,6.96,overcast clouds
575,Praxedis Guerrero,MX,31.3667,-106.0167,78.49,54,72,8.97,broken clouds
576,Tekari,IN,24.9333,84.8333,89.82,41,74,4.72,broken clouds
577,Birecik,TR,37.0294,37.9903,88.81,22,0,10.36,clear sky
578,Roswell,US,34.0232,-84.3616,79.97,88,0,3.44,clear sky
579,Manutuke,NZ,-38.6833,177.9167,56.82,70,62,13.6,broken clouds
580,Coahuayana,MX,18.7333,-103.6833,76.96,85,100,3.85,overcast clouds
581,Iranshahr,IR,27.2025,60.6848,89.94,48,40,6.91,scattered clouds
582,Derzhavinsk,KZ,51.1,66.3167,80.24,40,21,15.84,few clouds
583,Shahreza,IR,32.0339,51.8794,90.27,21,90,4.81,overcast clouds
584,Goderich,CA,43.7501,-81.7165,62.91,77,22,4.61,few clouds
585,Esmeralda,CU,21.8525,-78.1169,77.72,91,88,10.29,overcast clouds
586,Mahanoro,MG,-19.9,48.8,69.58,73,2,2.75,clear sky
587,Collie,AU,-33.3667,116.15,61.81,63,88,3.74,overcast clouds
588,Acari,PE,-15.4311,-74.6158,61.99,80,64,2.86,broken clouds
589,Carahue,CL,-38.7,-73.1667,44.6,97,97,3.33,overcast clouds
590,Puerto Narino,CO,-3.7703,-70.3831,70.65,98,8,1.36,clear sky
591,Makokou,GA,0.5738,12.8642,68.72,95,86,3.15,overcast clouds
592,Datong,CN,40.0936,113.2914,66.43,79,100,6.38,light rain
593,Makat,KZ,47.6469,53.3463,87.28,30,28,9.75,scattered clouds
594,Seddon,AU,-37.8068,144.8916,61.09,75,75,12.66,broken clouds
595,Kathmandu,NP,27.7167,85.3167,79.02,69,75,2.3,broken clouds
596,Tchamba,TG,9.0333,1.4167,69.08,98,100,3.71,light rain
597,Rincon,US,32.296,-81.2354,83.86,78,0,5.75,clear sky
598,Itambacuri,BR,-18.0311,-41.685,60.1,97,24,2.04,few clouds
599,Bontang,ID,0.1333,117.5,84.74,70,83,3.98,broken clouds
600,Tazovskiy,RU,67.4667,78.7,54.79,68,30,6.06,scattered clouds
601,Aklavik,CA,68.2191,-135.0107,58.26,39,89,14.25,overcast clouds
602,Gallup,US,35.5281,-108.7426,64.24,85,100,6.91,overcast clouds
603,Apatou,GF,5.155,-54.3472,72.3,99,87,1.83,overcast clouds
604,Panacan,PH,9.2463,118.4082,86.05,70,65,11.74,broken clouds
605,Palm Coast,US,29.585,-81.2078,78.01,86,2,1.99,clear sky
606,Kushima,JP,31.4583,131.2333,83.97,78,11,9.64,few clouds
607,Bintulu,MY,3.1667,113.0333,84.61,74,40,5.01,scattered clouds
608,Imbituba,BR,-28.24,-48.6703,62.1,98,22,8.01,few clouds
609,Acarau,BR,-2.8856,-40.12,75.65,84,57,12.5,broken clouds
610,Tabuk,PH,17.4189,121.4443,88.07,70,98,4.72,overcast clouds
611,Severo-Yeniseyskiy,RU,60.3725,93.0408,53.08,94,100,8.23,light rain
612,Ucluelet,CA,48.9329,-125.5528,66.09,87,6,1.95,clear sky
613,Amga,RU,60.8953,131.9608,85.33,33,20,1.61,few clouds
614,Knysna,ZA,-34.0363,23.0471,57.06,84,99,7.47,overcast clouds
615,Bukachacha,RU,52.9833,116.9167,70.5,66,42,12.88,light rain
616,Qaqortoq,GL,60.7167,-46.0333,41.56,94,42,5.03,scattered clouds
617,Amalapuram,IN,16.5833,82.0167,90.45,58,95,5.53,overcast clouds
618,Salinopolis,BR,-0.6136,-47.3561,78.01,84,43,9.01,scattered clouds
619,Bugiri,UG,0.5714,33.7417,71.13,64,100,3.65,overcast clouds
620,Redding,US,40.5865,-122.3917,87.57,41,0,6.91,clear sky
621,Benguela,AO,-12.5763,13.4055,67.14,92,22,4.88,few clouds
622,La Brea,HN,15.8,-85.9667,75.15,94,99,2.44,overcast clouds
623,Vuktyl,RU,63.8567,57.3094,66.63,46,16,3.89,few clouds
624,Wilmington,US,34.2257,-77.9447,82.31,83,0,9.22,clear sky
625,Yarada,IN,17.65,83.2667,88.12,70,40,8.05,haze
626,Kununurra,AU,-15.7667,128.7333,85.98,23,3,12.66,clear sky
627,Alta Floresta,BR,-9.8756,-56.0861,68.61,54,53,4.03,broken clouds
628,Tarnogskiy Gorodok,RU,60.4997,43.5761,71.11,63,20,6.17,few clouds
629,Namatanai,PG,-3.6667,152.4333,83.95,66,33,10.36,scattered clouds
630,Odesskoye,RU,54.2111,72.9651,85.37,31,99,8.61,overcast clouds
631,Vardo,NO,70.3705,31.1107,62.58,94,75,21.85,broken clouds
632,Xam Nua,LA,20.4197,104.0439,93.88,32,2,1.72,clear sky
633,Quthing,LS,-30.4,27.7003,50.43,60,25,3.49,scattered clouds
634,Antanifotsy,MG,-19.65,47.3167,57.22,69,66,3.67,broken clouds
635,Bayonne,FR,43.3333,-1.4167,63.16,94,0,5.75,clear sky
636,Magadan,RU,59.5667,150.8,70.54,83,82,4.52,light rain
637,Beidao,CN,34.5686,105.8933,83.91,37,37,3.83,scattered clouds
638,Bosaso,SO,11.2842,49.1816,93.18,29,0,34.52,clear sky
639,Great Falls,US,47.5002,-111.3008,72.79,51,40,8.05,scattered clouds
640,Cairns,AU,-16.9167,145.7667,82.06,36,0,16.11,clear sky
641,Suntar,RU,62.1444,117.6319,94.66,31,1,6.8,clear sky
642,Lata,PT,40.1629,-8.3327,55.09,97,15,1.25,few clouds
643,Bayan,CN,46.0833,127.4,90.54,45,85,4.63,overcast clouds
644,Chebsara,RU,59.2002,38.8356,72.73,83,62,5.61,light rain
645,Vila,PT,42.0304,-8.1588,50.88,90,4,4.34,clear sky
646,Valday,RU,57.9747,33.2525,73.96,57,72,6.51,broken clouds
647,Fort Atkinson,US,42.9289,-88.8371,69.85,80,60,7.07,broken clouds
648,Mandalgovi,MN,45.7625,106.2708,68.67,34,11,10.2,few clouds
649,Jonesboro,US,35.8423,-90.7043,84.02,74,0,8.05,clear sky
650,Egvekinot,RU,66.3167,-179.1667,45.39,66,94,5.12,overcast clouds
651,Dzerzhinskoye,RU,56.8344,95.2283,69.98,47,82,11.41,broken clouds
652,Ogulin,HR,45.2661,15.2286,61.61,97,98,3.29,overcast clouds
653,Bandar-E Anzali,IR,37.4727,49.4622,77.11,80,74,4.09,light rain
654,Pyshchug,RU,58.8873,45.7134,70.7,56,44,4.56,scattered clouds
655,Puerto El Triunfo,SV,13.2833,-88.55,83.32,90,82,4.27,broken clouds
656,Meulaboh,ID,4.1363,96.1285,83.46,71,89,8.72,overcast clouds
657,Aurich,DE,53.4667,7.4833,57.94,91,40,3.44,scattered clouds
658,Simpang,ID,-1.2667,104.0833,89.67,55,80,5.64,broken clouds
659,College,US,64.8569,-147.8028,59.32,54,75,16.11,broken clouds
660,Ojinaga,MX,29.5667,-104.4167,86.95,45,40,4.61,scattered clouds
661,Nemuro,JP,43.3236,145.575,66.56,95,100,7.49,overcast clouds
662,Jalingo,NG,8.8833,11.3667,72.39,94,100,6.62,light rain
663,Ust-Kuyga,RU,70.0167,135.6,78.12,45,42,0.63,scattered clouds
664,Mount Pleasant,US,32.7941,-79.8626,82.99,87,0,6.91,clear sky
665,Chilca,PE,-12.5211,-76.7372,59.76,87,97,4.68,overcast clouds
666,Clarksville,US,36.5298,-87.3595,78.33,96,0,3.44,clear sky
667,Kieta,PG,-6.2167,155.6333,82.0,77,44,4.94,light rain
668,Pyu,MM,18.4833,96.4333,92.73,56,57,3.04,broken clouds
669,Randazzo,IT,37.8774,14.9501,77.04,32,0,2.64,clear sky
670,Buenos Aires,AR,-34.6132,-58.3772,64.98,96,75,10.36,light rain
671,Svetlogorsk,BY,52.6333,29.7333,69.55,68,100,6.58,overcast clouds
672,Hualmay,PE,-11.0964,-77.6139,60.96,86,76,9.69,broken clouds
